{
 "pays": {
  "2": [
   79,
   328,
   1574
  ],
  "3": [
   59,
   236,
   1049
  ],
  "4": [
   39,
   157,
   656
  ],
  "5": [
   33,
   131,
   525
  ],
  "6": [
   24,
   92,
   328
  ],
  "7": [
   20,
   72,
   262
  ],
  "8": [
   16,
   59,
   210
  ]
 },
 "scatterPay": [
  131,
  525,
  2623
 ],
 "analytic": {
  "k1_base_line_bps": 1403.875,
  "k1_expansion_line_bps": 12216.092,
  "k1_scatter_bps": 7.412,
  "p_fs_trigger": 0.044763,
  "fs_trigger_1_in": 22.34,
  "E_fs_spins": 10.304,
  "rtp_at_k1_pct": 73.19447992545567,
  "k_exact": 1.3115743167759433
 },
 "final_rtp_pct": 96.00782452313338
}