{
 "pays": {
  "2": [
   996,
   4149,
   19916
  ],
  "3": [
   747,
   2987,
   13277
  ],
  "4": [
   498,
   1992,
   8298
  ],
  "5": [
   415,
   1660,
   6639
  ],
  "6": [
   299,
   1162,
   4149
  ],
  "7": [
   249,
   913,
   3319
  ],
  "8": [
   199,
   747,
   2655
  ]
 },
 "scatterPay": [
  1660,
  6639,
  33193
 ],
 "analytic": {
  "k1_base_line_bps": 149.257,
  "k1_expansion_line_bps": 814.996,
  "k1_scatter_bps": 7.043,
  "p_fs_trigger": 0.039581,
  "fs_trigger_1_in": 25.26,
  "E_fs_spins": 12.462,
  "rtp_at_k1_pct": 5.784376469812542,
  "k_exact": 16.596430142644422
 },
 "final_rtp_pct": 96.00027522034675
}