{
 "k": 16.43546958411551,
 "pays": {
  "2": [
   986,
   4109,
   19723
  ],
  "3": [
   740,
   2958,
   13148
  ],
  "4": [
   493,
   1972,
   8218
  ],
  "5": [
   411,
   1644,
   6574
  ],
  "6": [
   296,
   1150,
   4109
  ],
  "7": [
   247,
   904,
   3287
  ],
  "8": [
   197,
   740,
   2630
  ]
 },
 "scat": [
  1644,
  6574,
  32871
 ],
 "ra": {
  "rtp_pct": 94.937097132,
  "hit_freq_pct": 47.11416,
  "fs_trigger_1_in": 25.299290607891354,
  "base_pct": 25.064882184,
  "hot_pct": 3.325363704,
  "fs_pct": 66.54685124400001
 },
 "rb": {
  "rtp_pct": 94.446560812,
  "hit_freq_pct": 47.14192,
  "fs_trigger_1_in": 25.258520962046546,
  "base_pct": 24.976009262,
  "hot_pct": 3.4149966099999998,
  "fs_pct": 66.05555494000001
 }
}