{
 "n_rounds": 200000,
 "ev_x": 280.9426413815,
 "ci99_x": 1.385934350441704
}