{
 "n": 4000000,
 "rtp_pct": 95.42674266499999,
 "rtp_ci99_pp": 3.2378578204253947,
 "fs3_trigger_1_in": 66.9702652022502,
 "fs4_trigger_1_in": 921.6589861751152,
 "any_fs_trigger_1_in": 62.43366423175376,
 "base_pct": 29.577951905,
 "hot_pct": 4.189843165,
 "fs3_pct": 31.780270782499997,
 "fs4_pct": 30.071097629999997,
 "fs3_n": 59728,
 "fs4_n": 4340
}