{
 "n": 2000000,
 "rtp_pct": 2974.7474388,
 "rtp_ci99_pp": 25.842694394617503,
 "fs3_trigger_1_in": 4.869959895880258,
 "fs4_trigger_1_in": 14.492543586324835,
 "any_fs_trigger_1_in": 3.6450919747832535,
 "base_pct": 28.817637255,
 "hot_pct": 3.7051013,
 "fs3_pct": 571.987357005,
 "fs4_pct": 2373.210499885,
 "fs3_n": 410681,
 "fs4_n": 138002
}