{
 "n_rounds": 400000,
 "ev_x": 22.11442037675,
 "ci99_x": 0.7119378326728564
}