{
 "base": {
  "n": 200000,
  "rtp_pct": 93.85242645000001,
  "rtp_ci99_pp": 12.301130912108757,
  "fs3_trigger_1_in": 65.2954619653934,
  "fs4_trigger_1_in": 854.7008547008547,
  "any_fs_trigger_1_in": 60.66120715802244,
  "base_pct": 29.613180550000003,
  "hot_pct": 5.28703135,
  "fs3_pct": 27.514718849999998,
  "fs4_pct": 31.4374957,
  "fs3_n": 3063,
  "fs4_n": 234
 },
 "fs3": {
  "n_rounds": 20000,
  "ev_x": 22.91531114,
  "ci99_x": 3.408407884490133
 },
 "fs4": {
  "n_rounds": 10000,
  "ev_x": 279.6310327,
  "ci99_x": 6.140351971831313
 },
 "ante": {
  "n": 50000,
  "rtp_pct": 2908.0223316,
  "rtp_ci99_pp": 161.46692706713154,
  "fs3_trigger_1_in": 4.8534265191225,
  "fs4_trigger_1_in": 14.496955639315743,
  "any_fs_trigger_1_in": 3.6360991927859794,
  "base_pct": 28.620622,
  "hot_pct": 3.2627784,
  "fs3_pct": 554.7396196,
  "fs4_pct": 2326.2737962,
  "fs3_n": 10302,
  "fs4_n": 3449
 }
}