{
 "gridId": "5x5",
 "targetRtpPct": 96.0,
 "rtpBps": 9578,
 "reelStrips": [
  [
   5,
   4,
   8,
   5,
   6,
   4,
   2,
   7,
   2,
   7,
   2,
   3,
   3,
   6,
   7,
   5,
   4,
   1,
   8,
   6,
   2,
   7,
   5,
   8,
   5,
   4,
   4,
   8,
   6,
   6,
   7,
   8,
   8,
   8,
   6,
   3,
   7,
   7,
   3,
   6
  ],
  [
   5,
   3,
   8,
   5,
   6,
   4,
   2,
   7,
   2,
   7,
   2,
   3,
   3,
   6,
   7,
   4,
   4,
   0,
   8,
   5,
   1,
   7,
   5,
   8,
   5,
   4,
   4,
   8,
   6,
   6,
   7,
   8,
   8,
   8,
   6,
   3,
   7,
   7,
   2,
   6
  ],
  [
   5,
   3,
   8,
   5,
   6,
   4,
   2,
   7,
   1,
   7,
   2,
   2,
   3,
   6,
   7,
   4,
   4,
   0,
   8,
   5,
   1,
   6,
   5,
   8,
   4,
   4,
   3,
   8,
   6,
   6,
   7,
   8,
   8,
   8,
   6,
   3,
   7,
   7,
   2,
   5
  ],
  [
   5,
   3,
   8,
   5,
   6,
   4,
   2,
   7,
   2,
   7,
   2,
   3,
   3,
   6,
   7,
   4,
   4,
   0,
   8,
   5,
   1,
   7,
   5,
   8,
   5,
   4,
   4,
   8,
   6,
   6,
   7,
   8,
   8,
   8,
   6,
   3,
   7,
   7,
   2,
   6
  ],
  [
   5,
   3,
   8,
   5,
   6,
   4,
   2,
   7,
   2,
   7,
   2,
   3,
   3,
   6,
   7,
   4,
   4,
   0,
   8,
   5,
   1,
   6,
   5,
   8,
   5,
   4,
   4,
   8,
   6,
   6,
   7,
   8,
   8,
   8,
   6,
   3,
   7,
   7,
   2,
   6
  ]
 ],
 "reelLength": 40,
 "payTable": {
  "wild": [
   48,
   364,
   3636
  ],
  "highA": [
   48,
   364,
   3636
  ],
  "highB": [
   36,
   267,
   2182
  ],
  "midC": [
   27,
   182,
   1212
  ],
  "midD": [
   22,
   145,
   970
  ],
  "lowE": [
   17,
   97,
   545
  ],
  "lowF": [
   15,
   73,
   424
  ],
  "lowG": [
   12,
   61,
   303
  ]
 },
 "scatterPay": [
  121,
  485,
  2424
 ],
 "freeSpinsCount": 8,
 "freeSpinsCap": 13,
 "retriggerSpins": 5,
 "freeSpinMultiplier": 1,
 "maxWinMultiplier": 5000,
 "minWager": 10000,
 "custom": {
  "expandingWildsInFreeSpins": true,
  "stickyExpandingFrom4Scatters": true,
  "stickyTowerCap": 4,
  "retriggerSpins": 5,
  "hotSpinChance1In": 40,
  "hotSpinExpandsWilds": true,
  "notes": "Wild expands to full reel BEFORE ways evaluation in FS and hot spins. A 4+-scatter trigger plays STICKY expansion: expanded reels stay fully wild for the rest of the round. Fully wild reels contribute no scatters. Reel 1 carries no wilds (no wild-line double count). Wild pays as highA."
 },
 "simResults": {
  "rtp_pct": 95.7816978025,
  "hit_freq_pct": 82.693375,
  "fs3_trigger_1_in": 43.86566141192598,
  "fs4_trigger_1_in": 519.8518422249659,
  "avg_fs3_round_x": 9.560123556408499,
  "avg_fs4_round_x": 273.18551490025345,
  "fs3_dist_x": {
   "p50": 3.944,
   "p90": 20.036,
   "p99": 89.975,
   "max": 773.9482
  },
  "fs4_dist_x": {
   "p50": 73.5625,
   "p90": 904.0273,
   "p99": 2247.5947,
   "max": 4134.673
  },
  "fs4_ge_800x_pct": 11.443238676977062,
  "fs4_ge_maxwin_pct": 0.0,
  "base_pct": 18.5650959625,
  "hot_pct": 2.87185906,
  "fs3_pct": 21.79409417,
  "fs4_pct": 52.550648609999996
 }
}