{
 "gridId": "5x5",
 "targetRtpPct": 96.0,
 "rtpBps": 9589,
 "reelStrips": [
  [
   5,
   4,
   8,
   5,
   6,
   4,
   2,
   7,
   2,
   7,
   2,
   3,
   3,
   6,
   7,
   5,
   4,
   1,
   8,
   6,
   2,
   7,
   5,
   8,
   5,
   4,
   4,
   8,
   6,
   6,
   7,
   8,
   8,
   8,
   6,
   3,
   7,
   7,
   3,
   6
  ],
  [
   5,
   3,
   8,
   5,
   6,
   4,
   2,
   7,
   2,
   7,
   2,
   3,
   3,
   6,
   7,
   4,
   4,
   0,
   8,
   5,
   1,
   7,
   5,
   8,
   5,
   4,
   4,
   8,
   6,
   6,
   7,
   8,
   8,
   8,
   6,
   3,
   7,
   7,
   2,
   6
  ],
  [
   5,
   3,
   8,
   5,
   6,
   4,
   2,
   7,
   1,
   7,
   2,
   2,
   3,
   6,
   7,
   4,
   4,
   0,
   8,
   5,
   1,
   6,
   5,
   8,
   4,
   4,
   3,
   8,
   6,
   6,
   7,
   8,
   8,
   8,
   6,
   3,
   7,
   7,
   2,
   5
  ],
  [
   5,
   3,
   8,
   5,
   6,
   4,
   2,
   7,
   2,
   7,
   2,
   3,
   3,
   6,
   7,
   4,
   4,
   0,
   8,
   5,
   1,
   7,
   5,
   8,
   5,
   4,
   4,
   8,
   6,
   6,
   7,
   8,
   8,
   8,
   6,
   3,
   7,
   7,
   2,
   6
  ],
  [
   5,
   3,
   8,
   5,
   6,
   4,
   2,
   7,
   2,
   7,
   2,
   3,
   3,
   6,
   7,
   4,
   4,
   0,
   8,
   5,
   1,
   6,
   5,
   8,
   5,
   4,
   4,
   8,
   6,
   6,
   7,
   8,
   8,
   8,
   6,
   3,
   7,
   7,
   2,
   6
  ]
 ],
 "reelLength": 40,
 "payTable": {
  "wild": [
   46,
   348,
   3484
  ],
  "highA": [
   46,
   348,
   3484
  ],
  "highB": [
   35,
   256,
   2091
  ],
  "midC": [
   26,
   174,
   1161
  ],
  "midD": [
   21,
   139,
   929
  ],
  "lowE": [
   16,
   93,
   523
  ],
  "lowF": [
   14,
   70,
   406
  ],
  "lowG": [
   12,
   58,
   290
  ]
 },
 "scatterPay": [
  116,
  465,
  2323
 ],
 "freeSpinsCount": 8,
 "freeSpinsCap": 16,
 "freeSpinMultiplier": 1,
 "maxWinMultiplier": 5000,
 "minWager": 10000,
 "custom": {
  "expandingWildsInFreeSpins": true,
  "stickyExpandingFrom4Scatters": true,
  "stickyTowerCap": 4,
  "hotSpinChance1In": 40,
  "hotSpinExpandsWilds": true,
  "notes": "Wild expands to full reel BEFORE ways evaluation in FS and hot spins. A 4+-scatter trigger plays STICKY expansion: expanded reels stay fully wild for the rest of the round. Fully wild reels contribute no scatters. Reel 1 carries no wilds (no wild-line double count). Wild pays as highA."
 },
 "simResults": {
  "rtp_pct": 95.89417479,
  "hit_freq_pct": 82.6875875,
  "fs3_trigger_1_in": 44.02256156280094,
  "fs4_trigger_1_in": 516.9628432956381,
  "avg_fs3_round_x": 9.395388670793782,
  "avg_fs4_round_x": 279.26183008723746,
  "fs3_dist_x": {
   "p50": 3.8934,
   "p90": 19.9172,
   "p99": 86.7368,
   "max": 726.5566
  },
  "fs4_dist_x": {
   "p50": 73.7823,
   "p90": 909.4365,
   "p99": 2366.868,
   "max": 4917.9931
  },
  "fs4_ge_800x_pct": 11.560581583198708,
  "fs4_ge_maxwin_pct": 0.0,
  "base_pct": 17.793151327500002,
  "hot_pct": 2.7391006275,
  "fs3_pct": 21.3422125775,
  "fs4_pct": 54.019710257499995
 }
}