{
 "gridId": "5x5",
 "targetRtpPct": 96.0,
 "rtpBps": 9615,
 "reelStrips": [
  [
   5,
   4,
   8,
   5,
   6,
   4,
   2,
   7,
   2,
   7,
   2,
   3,
   3,
   6,
   7,
   5,
   4,
   1,
   8,
   6,
   2,
   7,
   5,
   8,
   5,
   4,
   4,
   8,
   6,
   6,
   7,
   8,
   8,
   8,
   6,
   3,
   7,
   7,
   3,
   6
  ],
  [
   5,
   3,
   8,
   5,
   6,
   4,
   2,
   7,
   1,
   7,
   2,
   2,
   3,
   6,
   7,
   4,
   4,
   0,
   8,
   5,
   0,
   6,
   5,
   8,
   4,
   4,
   3,
   8,
   6,
   6,
   7,
   8,
   8,
   8,
   6,
   3,
   7,
   7,
   2,
   5
  ],
  [
   4,
   3,
   8,
   5,
   6,
   3,
   2,
   7,
   1,
   7,
   1,
   2,
   2,
   6,
   7,
   4,
   4,
   0,
   7,
   5,
   0,
   6,
   5,
   8,
   4,
   4,
   3,
   8,
   6,
   6,
   7,
   8,
   8,
   8,
   5,
   3,
   7,
   6,
   2,
   5
  ],
  [
   5,
   3,
   8,
   5,
   6,
   4,
   2,
   7,
   1,
   7,
   2,
   2,
   3,
   6,
   7,
   4,
   4,
   0,
   8,
   5,
   0,
   6,
   5,
   8,
   4,
   4,
   3,
   8,
   6,
   6,
   7,
   8,
   8,
   8,
   6,
   3,
   7,
   7,
   2,
   5
  ],
  [
   5,
   3,
   8,
   5,
   6,
   4,
   2,
   7,
   1,
   7,
   2,
   2,
   3,
   6,
   7,
   4,
   4,
   0,
   7,
   5,
   0,
   6,
   5,
   8,
   4,
   4,
   3,
   8,
   6,
   6,
   7,
   8,
   8,
   8,
   6,
   3,
   7,
   7,
   2,
   5
  ]
 ],
 "reelLength": 40,
 "payTable": {
  "wild": [
   69,
   287,
   1377
  ],
  "highA": [
   69,
   287,
   1377
  ],
  "highB": [
   52,
   207,
   918
  ],
  "midC": [
   34,
   138,
   574
  ],
  "midD": [
   29,
   115,
   459
  ],
  "lowE": [
   21,
   80,
   287
  ],
  "lowF": [
   17,
   63,
   230
  ],
  "lowG": [
   14,
   52,
   184
  ]
 },
 "scatterPay": [
  115,
  459,
  2295
 ],
 "freeSpinsCount": 8,
 "freeSpinsCap": 50,
 "freeSpinMultiplier": 1,
 "maxWinMultiplier": 5000,
 "minWager": 10000,
 "custom": {
  "expandingWildsInFreeSpins": true,
  "stickyExpandingFrom4Scatters": true,
  "stickyTowerCap": 2,
  "hotSpinChance1In": 40,
  "hotSpinExpandsWilds": true,
  "notes": "Wild expands to full reel BEFORE ways evaluation in FS and hot spins. A 4+-scatter trigger plays STICKY expansion: expanded reels stay fully wild for the rest of the round. Fully wild reels contribute no scatters. Reel 1 carries no wilds (no wild-line double count). Wild pays as highA."
 },
 "simResults": {
  "rtp_pct": 96.1473308525,
  "hit_freq_pct": 85.4531875,
  "fs3_trigger_1_in": 26.419294010415808,
  "fs4_trigger_1_in": 145.49687181725594,
  "avg_fs3_round_x": 14.506585799629468,
  "avg_fs4_round_x": 31.855403804743197,
  "base_pct": 15.8068821,
  "hot_pct": 3.5371704750000004,
  "fs3_pct": 54.9090592425,
  "fs4_pct": 21.894219035000003
 }
}